11.856303,12.160433,12.270227,12.263583,12.410720,12.422460,12.418783,12.419422,12.188539,12.161960,12.258439,11.472658,11.919548,11.695277,11.912088
12.568545,11.314184,10.810590,10.860062,8.569971,8.116095,7.962487,7.916489,8.335949,11.410863,11.455879,11.743248,12.223522,12.559953,12.155250
10.970486,11.337399,11.400347,11.737927,12.110930,11.771986,11.778955,11.790488,11.480927,11.268617,11.426020,11.358057,11.258242,10.958525,11.203748
12.255408,12.652838,12.697316,12.851369,13.077073,12.981920,12.967416,13.000434,13.078067,13.240058,13.223825,13.200249,13.206681,13.157234,12.536133
7.597932,7.657878,7.483642,7.667169,7.701715,7.435830,7.547125,7.585698,7.476056,7.536312,7.531220,7.522250,7.623220,7.787831,7.733441
11.076216,11.194717,11.165559,11.263798,11.367391,11.186913,11.255127,11.218024,10.810774,11.646390,11.735612,11.213721,11.536845,11.099001,11.323748
12.301254,12.167684,11.871426,11.892308,11.342904,11.674781,11.665202,11.756618,11.481014,12.034643,12.203093,12.056044,12.245667,12.222866,12.159588
11.627858,11.982736,11.880360,11.901738,12.274502,12.303701,12.194761,12.226724,12.183125,12.099151,12.021291,11.618257,11.811570,11.479284,12.060667
12.163742,11.806102,11.989817,11.708090,10.607848,10.500893,10.709794,10.836592,10.990394,11.562880,11.761810,11.638657,11.857544,12.152569,12.116148
11.334040,10.959929,10.815913,10.921424,9.094362,8.914859,9.224903,9.457003,9.736196,10.380350,10.662580,10.492536,10.976791,11.053784,11.454344
11.946184,12.487624,12.434432,12.405787,12.458900,12.811658,12.854269,12.774159,12.783875,12.711758,12.577386,12.129054,12.365133,11.883048,12.443699
11.218100,11.087892,11.052476,11.138206,11.286041,11.016860,11.150099,11.259648,11.000740,10.913225,11.077605,10.528651,10.617417,10.495739,10.858680
11.493926,11.941679,12.000606,12.014411,12.338596,12.599326,12.516452,12.530981,12.379558,12.180690,11.967264,11.467824,11.470312,10.443521,11.682303
12.407253,12.629769,12.463180,12.550961,12.692042,12.737074,12.694307,12.709835,12.662388,12.527151,12.400704,12.422477,12.354833,11.894212,12.369276
12.425304,12.194484,12.011849,12.140872,11.212179,10.810640,10.964058,11.168925,11.438549,11.880530,11.921677,12.384602,12.481135,12.610337,12.397135
12.194630,11.928000,11.560447,11.633964,11.498343,11.696121,11.552111,11.620505,11.636442,11.857562,11.929699,12.246965,12.291330,12.465085,12.342590
12.297877,12.263972,11.859335,11.970886,11.721608,11.906670,11.857909,11.764632,11.575489,12.116996,12.114834,12.195197,12.196866,12.260730,12.218140
11.794462,11.853598,11.849944,11.895125,11.742378,11.657760,11.714176,11.790397,12.000390,12.263235,12.399800,12.152377,12.364618,12.299733,11.785214
11.278674,11.148294,11.048029,11.132934,11.454381,11.296544,11.338748,11.466465,11.408307,11.189896,11.283349,10.796855,10.964264,11.120281,11.174430
12.160968,12.300402,12.536525,12.572630,12.699973,12.606926,12.685525,12.730901,12.745954,12.617930,12.567343,11.989231,12.261833,11.658865,12.345642
11.835259,11.579848,11.439869,11.394158,10.198778,9.861312,10.088107,10.261472,10.627968,11.086197,11.232005,11.086643,11.246560,11.216719,11.772361
11.089189,11.424780,11.407153,11.390310,11.848037,11.980837,11.907766,11.873090,11.962036,11.644366,11.337889,11.325802,11.215320,10.877388,11.115872
12.457352,12.754019,12.721460,12.746129,11.906039,10.708477,10.375058,10.692680,11.661811,11.318418,10.988028,10.469040,11.065862,9.947155,12.670235
11.288679,11.486765,11.712378,11.604254,11.556654,11.518023,11.460154,11.446118,11.391425,11.813501,11.951540,11.889107,12.035047,11.756471,11.341138
10.738431,11.211300,11.023426,11.040810,11.070462,10.899480,11.015727,11.018596,11.046029,11.226151,11.278048,10.913693,11.417719,11.135066,10.950528
11.488802,11.721793,11.632373,11.788037,12.027261,12.219210,12.166763,12.210553,12.121367,11.939480,11.641434,11.309975,11.350358,10.664497,11.705030
13.264306,13.399649,13.333834,13.340477,13.283206,13.306643,13.327012,13.305334,13.224039,13.306643,13.280473,13.443015,13.363301,13.364406,13.270324
11.396263,11.233230,11.075671,11.263259,11.440724,11.414394,11.394238,11.415173,11.118653,11.213172,11.253279,11.203267,11.170498,11.113470,11.128374
10.681187,11.234095,11.560570,11.610541,11.659974,11.554483,11.615898,11.583735,11.341344,11.801154,11.908878,11.476650,11.567931,11.491095,11.207441
12.422491,12.582221,12.560419,12.582221,12.578088,12.788905,12.684363,12.705483,12.691849,12.600135,12.566197,12.342934,12.298268,12.193958,12.592472
11.833732,11.959176,12.042820,12.098541,12.370276,12.459616,12.349952,12.269699,12.201730,12.052446,11.958196,11.820345,11.585500,11.166940,11.782605
11.399682,11.740062,11.857924,11.871159,12.123613,12.113257,12.113036,12.090227,12.101463,11.946120,11.905609,11.516912,11.546484,11.248004,11.826715
11.977160,11.637428,11.462109,11.684807,11.831523,11.715362,11.915241,12.023560,12.298310,12.257840,12.282551,12.379727,12.608644,12.569714,12.032712
10.933832,11.058465,10.922797,11.017332,10.527894,10.448532,10.653604,10.789347,10.778673,10.630710,10.528710,10.665880,10.822572,11.021190,10.967700
11.439881,11.246157,11.246157,11.318753,10.515019,10.336185,10.536455,10.560767,10.573930,11.243244,11.472991,11.794846,11.986178,12.244033,11.184885
12.163744,12.386033,12.394949,12.385989,10.677719,10.505079,10.165423,11.112594,11.287092,11.643806,11.089850,11.247115,11.541543,11.773044,11.856860
11.383085,10.777237,10.165418,10.312405,9.387896,9.630977,9.702058,10.302256,10.398803,10.782929,10.533655,11.549383,11.260306,11.711796,10.587655
11.731419,11.733047,11.700434,11.256183,11.960272,11.772663,11.656968,11.950920,12.063281,11.598187,11.876338,11.235585,11.517690,10.695957,11.677406
11.452891,10.940902,11.291303,11.014196,9.288601,7.946753,7.541901,7.758940,8.633264,10.345509,10.659179,10.889186,12.005980,11.923314,11.348230
11.940806,11.372777,11.626888,11.397261,10.343176,10.655702,10.808385,10.874810,10.547021,10.959246,10.881305,10.966097,11.231000,10.665332,11.459003
10.947230,11.180058,11.113316,11.132174,9.558560,8.272082,8.014091,8.253401,9.294690,10.542443,10.832186,10.002892,10.867063,10.683715,11.043667
12.210237,11.741809,10.882031,10.839580,9.541695,9.912937,10.664478,11.322398,11.380452,10.213928,10.288916,10.356007,10.447676,9.730157,11.554580
12.343584,12.267841,12.618285,12.546975,12.488844,12.376848,12.512725,12.694848,13.030634,13.204696,13.215483,13.007504,13.090154,12.921953,12.417238
10.948378,11.583256,11.293706,11.412899,11.154066,11.546120,11.292410,11.365525,11.531876,11.225713,11.364278,11.837388,11.686171,11.893609,11.576555
11.281815,11.156539,10.937403,10.853258,9.912203,10.599553,10.651522,10.788615,10.945393,10.992852,11.066379,10.758588,10.945393,10.929531,11.197295
11.752879,11.927952,12.124107,12.160347,12.287326,12.398575,12.409459,12.381067,12.437572,12.287051,12.201122,11.794541,12.033807,11.168693,11.833705
11.228334,10.924783,10.951658,11.086755,11.340513,11.319847,11.509055,11.474917,11.268635,11.153897,11.249528,10.610617,10.994570,10.799285,11.149034
11.891991,11.933236,11.809690,11.721608,10.115773,9.717094,9.966334,10.278169,10.535206,11.117393,11.233100,10.648935,11.267510,11.069147,11.665569
11.422266,11.648329,11.377740,11.459110,11.289112,11.233593,11.146092,11.129871,11.590239,11.853155,12.007123,12.518806,12.438036,12.504251,11.737939
12.217924,12.173304,12.436650,12.420639,12.446320,12.558522,12.477713,12.551253,12.546500,12.357025,12.409447,12.390249,12.190169,11.907142,12.353697
12.292421,12.400252,12.176338,12.240466,12.296337,12.431164,12.453977,12.403987,12.458801,12.341351,12.262666,12.459606,12.279778,12.050174,12.248985
11.005681,11.449767,11.460976,11.475559,11.703122,11.941398,11.848530,11.831032,11.972415,11.631064,11.487109,11.019417,11.145460,10.438752,11.017821
11.510230,11.824514,11.976780,11.935448,12.270419,12.304660,12.237320,12.253038,12.098078,11.962522,11.974748,11.677424,11.535071,11.218447,11.595427
11.659131,11.533425,11.354883,11.367816,11.363756,11.504637,11.495295,11.495295,11.336495,11.459650,11.619741,11.638296,11.629267,11.786664,11.413258
11.677412,11.481339,11.411063,11.484400,10.317448,9.497610,9.874024,10.421757,11.190118,11.799902,11.784828,11.759561,11.776028,11.980989,11.331825
12.008740,12.086844,12.184450,12.095405,12.278368,12.262203,12.233469,12.290163,12.311041,12.095405,12.000928,11.951644,11.857617,11.144405,11.923060
10.836108,11.061712,10.773927,10.927142,10.820554,10.233098,10.289279,10.580661,10.662561,10.464113,10.534656,10.780514,10.545100,10.318777,10.642056
11.382710,10.979085,10.733726,10.702289,8.856861,9.512817,9.758143,10.148836,10.671054,11.054118,11.095452,11.107605,11.324550,11.364660,10.943207
11.512847,11.984633,11.874942,11.988961,11.488431,10.946341,11.010643,11.370819,11.332125,11.024616,11.065647,11.462507,11.031286,11.092645,11.409576
11.577869,11.685580,11.695445,11.729402,11.956088,11.527934,11.372593,11.391544,11.236656,11.588221,11.771376,11.888682,11.885603,11.805030,11.345557
12.349287,12.529676,12.308048,12.467352,12.449441,12.578788,12.533309,12.564266,12.480299,12.301005,12.259328,12.384427,12.181789,11.961279,12.350091
11.773557,11.486264,11.428678,11.398406,11.249994,11.569248,11.489767,11.460362,11.555351,11.632441,11.643364,11.570088,11.658413,11.489767,11.319119
10.508381,11.421501,11.238732,11.472609,11.563328,11.647337,11.609360,11.477461,10.869302,10.652578,10.917716,10.386562,9.885974,9.527942,10.749425
12.245029,12.681753,12.684029,12.730647,13.027112,12.861150,12.777711,12.777967,12.712003,12.581760,12.605538,12.476151,12.465750,12.202016,12.531438
10.655104,11.514816,11.299143,11.399474,11.225623,11.601676,11.447658,11.297046,10.951458,10.899468,10.983980,10.421015,10.669096,10.726815,11.097121
11.276214,11.512378,10.907412,11.369903,11.610405,11.298385,11.259874,11.479460,11.683183,11.241937,11.491198,12.441786,12.000638,11.898631,11.647775
11.233193,10.936481,10.694490,10.784070,10.993069,11.200513,11.180871,11.119638,11.169344,10.890678,10.905489,10.592356,10.722348,10.666342,11.014510
11.776306,11.971008,11.971008,11.931850,12.327403,12.436906,12.145207,12.221734,12.322777,11.975972,11.807647,12.106026,11.860259,11.352821,11.853241
11.244460,11.315085,11.304393,11.327027,9.847646,8.397057,8.177051,8.370552,9.427529,10.562033,10.950176,10.447633,11.198428,11.074348,11.231149
10.749844,11.706731,11.777181,11.840789,11.901277,11.427404,11.495654,11.436821,11.290192,10.980234,11.131891,10.600310,10.754851,10.252127,11.344782
12.675599,12.805498,12.672040,12.681591,12.688607,12.632798,12.673722,12.742639,12.884010,12.924721,12.827381,12.854883,12.907117,12.714982,12.605580
12.251338,12.625906,12.519336,12.597779,12.774353,12.708296,12.603841,12.662199,12.628625,12.453322,12.459727,12.320768,12.342299,11.664604,12.446560
11.800747,11.924873,12.206423,12.068724,10.562462,10.415648,10.506846,10.384174,10.611744,10.849620,11.642328,11.907650,12.402530,12.465291,12.487828
11.233981,10.919757,10.328851,10.575435,8.869524,9.145938,9.434905,9.731716,10.765664,10.985714,11.050800,10.609767,11.082857,11.332075,11.048955
11.844588,11.653441,11.606077,11.754452,11.436515,10.830630,10.999494,11.215893,11.353230,11.372954,11.389162,11.582422,11.727416,11.442391,11.601637
11.256534,10.773990,10.500823,10.497515,9.669065,9.281853,9.589309,9.821395,9.909505,9.980505,10.161475,10.196874,10.451812,10.756641,10.871268
11.521562,11.668818,11.905647,11.839414,10.217091,9.147206,9.406222,9.769400,11.603308,12.569589,12.730136,12.463859,12.793096,12.606666,11.807392
11.568310,11.313365,11.573684,11.601455,11.314542,11.370106,11.544743,11.544922,11.590924,11.832858,11.838066,11.411300,11.804586,11.520564,11.811034
12.732326,12.159021,11.719049,11.739397,12.070829,11.970881,11.902290,11.955762,11.708572,12.246378,12.485631,12.683564,12.729149,12.812699,12.619604
12.115603,11.841478,11.647841,11.483042,11.290982,11.484238,11.403349,11.419367,11.451249,11.955746,12.096633,12.021905,12.108798,12.161250,12.180703
11.193079,11.453458,11.361137,11.374244,9.842372,9.896089,10.128317,10.252830,10.550003,10.917692,11.157990,10.374992,10.948574,11.015977,11.421403
11.172163,11.028454,10.733462,10.908762,11.422560,11.274976,11.319462,11.462827,11.953561,12.025025,11.891700,11.595334,11.497301,11.693722,11.015109
11.172446,10.723964,10.525603,10.585044,8.920588,9.520951,9.603020,9.565328,9.429448,9.866120,10.032913,10.728751,10.662687,10.907168,11.102453
11.350456,11.169756,11.156135,11.234105,11.630844,11.415003,11.520686,11.628683,11.008685,10.856442,11.092534,10.926927,10.752246,10.358732,11.088646
12.498506,10.303074,9.761381,9.660128,8.896101,9.064337,8.835650,9.182140,8.853151,8.489978,9.348912,11.574785,12.114801,12.846705,12.799117
12.222453,12.511873,12.476649,12.495536,12.638484,12.725832,12.723286,12.703472,12.688373,12.415803,12.357223,12.166619,12.095077,11.480248,12.201920
12.153948,12.425400,12.542922,12.542922,12.738861,12.719823,12.722807,12.671253,12.682426,12.655322,12.566900,12.447344,12.572165,12.417296,12.332769
11.986682,12.387226,12.237295,12.285241,12.380015,12.530926,12.419178,12.401114,12.501619,12.270114,12.169948,12.117348,12.035649,11.620770,12.277784
11.277422,11.514723,11.320906,11.404965,11.331424,11.895856,11.742003,11.718073,11.945630,11.622131,11.528554,11.229897,11.068695,10.676508,11.593503
12.183500,12.345193,12.243237,12.324307,12.503390,12.570605,12.604040,12.553976,12.481300,12.342954,12.210735,12.140662,11.987914,11.765358,12.160522
10.869904,11.027905,11.236287,11.153338,11.323488,11.730811,11.737765,11.703254,11.457057,11.357370,11.382304,10.882794,11.002757,10.639353,10.609497
11.315795,11.736697,11.751626,11.705006,11.834913,12.015714,11.941228,12.059059,11.925582,11.645114,11.704190,11.143034,11.133598,10.921316,11.519109
11.928647,11.859709,12.068724,11.795808,11.698427,10.825238,10.458801,10.609144,11.179494,11.942691,11.762687,11.449156,11.448036,11.251004,11.719409
12.168635,12.151542,12.031746,12.013779,12.426779,12.699810,12.590694,12.700230,12.449445,12.299430,12.200164,12.243010,12.046951,11.650527,12.132586
11.318598,11.983291,12.080333,12.202284,12.093418,11.686622,11.584141,11.627814,11.871701,12.352794,12.126155,11.475115,11.845680,11.542043,11.500460
12.265384,12.687672,12.865239,12.620126,12.646054,12.742007,12.751675,12.698512,12.438138,12.691993,12.836405,12.696405,12.808855,12.635003,12.686617
12.171995,11.822173,11.649363,11.647968,9.665990,10.106475,10.424944,10.672808,10.915426,11.143001,11.309726,11.024334,11.441455,11.442446,12.081324
12.804621,12.919665,12.604510,12.728290,12.590247,12.563730,12.496393,12.514935,12.500245,12.434940,12.527904,12.442452,12.453832,12.589104,12.943604
11.028802,12.259055,12.312622,12.302379,12.462371,12.377296,12.313796,12.371327,11.827699,11.506904,11.797517,11.692284,10.942024,10.308385,11.541780
11.155153,11.607827,11.912781,11.672159,11.632387,11.988144,11.916571,11.877049,11.565640,11.870145,11.860048,11.384506,11.672394,11.244707,11.349309
11.370282,11.734191,11.808648,11.841218,11.496387,11.533137,11.518783,11.621037,11.464373,11.800534,11.803165,11.568000,11.604191,11.490763,11.538209
11.075889,11.678112,11.673446,11.722771,12.151159,12.054636,11.950167,12.073273,11.953656,11.718625,11.648614,10.942126,10.860059,10.807406,11.609038
10.855289,11.068798,10.909548,11.039241,11.222376,11.570931,11.699595,11.678472,11.394220,11.157622,11.257778,11.278562,11.332130,11.036165,10.855293
11.882776,12.527554,12.447271,12.495536,12.686901,12.648869,12.638719,12.499820,12.402528,12.584550,12.686551,12.495536,12.535775,12.299123,12.299866
10.753533,11.462234,11.333799,11.427738,10.005450,9.972503,10.310856,10.310363,10.451348,10.376600,10.457699,10.324086,10.640897,10.326975,11.520736
10.662492,11.231004,11.429815,11.429815,11.452552,11.678246,11.802817,11.897282,11.676974,11.501340,11.372741,11.480267,11.249633,10.897272,11.412290
10.791576,12.438643,12.142148,12.077184,11.745838,11.638950,11.484940,11.479639,11.557452,10.913335,11.428573,10.949364,10.575169,9.764260,11.621257
11.530898,11.777604,11.869452,11.849032,12.199278,12.268516,12.211879,12.287055,12.137226,11.924496,11.789749,11.514286,11.347322,10.870197,11.587691
11.194012,11.293300,11.361970,11.416858,10.313367,10.116027,10.562666,10.927379,10.836989,10.890907,10.914355,11.156211,11.228799,10.701360,11.460273
11.613335,11.954096,11.889397,11.908083,11.898249,12.232385,12.167763,12.179014,12.153622,12.104121,12.018631,11.732029,11.686341,11.258070,11.898382
11.915904,12.719950,12.779891,12.874089,12.853164,12.718234,12.649594,12.682535,12.804822,12.766376,12.596651,12.609033,12.438567,12.220594,12.339963
11.556715,12.111901,12.269083,12.252677,12.296296,12.784014,12.708033,12.708705,12.568550,12.438956,12.439437,11.330978,11.568860,10.812569,12.151398
11.903006,12.206099,12.056275,12.054025,11.864033,12.319000,12.279591,12.273766,12.221425,12.111215,12.054726,11.832533,11.861296,11.612365,12.158448
11.722409,11.938396,11.773468,11.914742,12.057802,12.167265,12.065332,12.209647,12.090424,11.819000,11.832826,11.613690,11.377251,10.903978,11.728799
11.408002,10.906812,10.470565,10.712281,11.174814,10.842665,10.775874,10.831219,11.370329,11.554839,11.658022,12.014032,11.859585,12.242911,11.186922
11.181698,11.310981,11.387909,11.429589,11.437958,11.454186,11.441638,11.309874,11.406463,11.597513,11.659893,11.324014,11.567376,11.500952,11.344442
11.240716,11.886318,12.036686,12.129701,12.465363,12.342535,12.265701,12.142739,11.952351,11.884848,11.884848,11.024735,11.466463,11.241181,11.677597
10.840835,11.083880,11.083880,11.190689,10.728093,10.635910,10.723111,10.808314,11.044908,11.415530,11.440545,11.883575,11.944028,11.911023,11.029672
12.053717,11.789026,12.103011,12.066530,11.592674,11.151949,11.307179,11.315188,11.605935,11.861043,11.949939,11.531239,11.846128,11.910595,11.769177
13.153853,12.629250,12.146143,12.103698,9.324921,9.937140,9.781820,10.160243,9.210371,10.000302,10.426250,11.554540,12.305798,12.807752,13.059711
11.631043,10.984653,11.049258,10.995795,9.323112,9.267220,9.608313,10.002836,10.301263,10.780021,10.904099,11.042245,11.067022,11.147078,11.105798
11.302431,11.011564,11.044154,10.884318,10.259548,10.852748,11.018094,10.958981,10.984958,11.095507,11.168744,10.756337,11.136178,11.216948,11.085953
5.383051,5.299233,5.361870,5.366415,5.308814,5.335310,5.304653,5.308392,5.245735,5.353226,5.527884,5.330268,5.454415,5.412022,5.303492
10.994623,11.420835,11.535295,11.752190,11.270470,11.315551,11.236130,11.541004,11.194375,11.086571,10.333015,10.504238,10.614751,10.656922,10.788161
12.127267,12.237547,12.268042,12.235588,12.474152,12.638324,12.624559,12.545182,12.509442,12.413092,12.168043,12.167684,11.924624,11.836546,11.970056
11.797730,12.217417,12.188569,12.222738,12.450642,12.710468,12.656073,12.578196,12.447586,12.368724,12.213495,12.461256,12.181575,11.776733,12.213172
11.678283,10.739347,10.685093,10.708105,9.823074,9.644446,9.491508,9.772157,9.565196,9.840986,10.066356,10.762003,10.454874,10.690153,11.190297
11.210557,10.992449,11.281055,11.313909,10.545507,9.480352,9.360999,9.450342,9.840511,10.796902,10.979486,11.115009,11.174881,10.860258,10.887392
10.997463,12.294905,12.274344,12.454574,12.452578,12.399810,12.360960,12.229376,12.398422,12.442703,12.397002,11.934309,12.268155,12.255837,12.449605
10.881109,11.076759,11.437015,11.244398,11.316795,10.995966,11.134017,11.137128,11.072537,11.359099,11.399266,11.008101,11.231086,11.058924,10.826027
12.377036,12.630218,12.663073,12.644920,12.703512,12.776308,12.671151,12.717222,12.792966,12.645053,12.630218,12.571047,12.461748,12.049891,12.498056
12.229973,12.373641,12.223114,12.313440,12.273054,12.394275,12.381611,12.371807,12.421985,12.216960,12.142111,11.879029,11.774318,11.484381,12.251104
11.898632,11.110747,10.749934,10.372207,10.063540,10.273456,10.605772,11.094759,11.019547,10.960017,11.312639,11.405244,10.433459,10.793717,11.836040
12.560905,12.328907,12.060641,12.350853,11.231111,11.375972,11.496314,11.608904,11.603561,11.467283,11.478122,11.633419,11.698252,12.162748,12.257406
12.563064,12.729575,12.772252,12.738283,12.947719,12.898184,12.841121,12.877003,12.816398,12.714294,12.686989,12.494115,12.559845,12.268373,12.609108
11.930429,12.059803,12.387988,12.336663,12.311137,12.654609,12.641935,12.618179,12.487409,12.441062,12.348628,12.499932,12.290667,11.927871,11.997291
12.180369,12.459064,12.398970,12.448934,12.593098,12.650013,12.704911,12.649757,12.576891,12.613099,12.434770,12.415472,12.386337,11.882783,12.325549
12.591963,12.588130,12.548545,12.562126,12.643143,12.703951,12.627070,12.649763,12.678448,12.609922,12.542814,12.578718,12.475087,12.337038,12.521693
11.021825,11.416564,11.318159,11.379933,11.672998,12.046002,12.056219,11.914171,11.956296,11.627735,11.345938,11.289587,10.865494,10.301727,11.313177
11.133066,10.955319,10.988473,10.759689,8.531929,8.771999,9.054691,9.235346,9.754689,10.556915,10.445825,10.063517,10.417661,10.799722,11.371590
12.234634,12.196057,12.171630,12.071827,12.331661,12.533091,12.518203,12.547056,12.398189,12.301826,12.141985,12.205043,12.122121,11.767718,12.142433
11.157187,11.438292,11.616081,11.685412,12.495393,12.488661,12.521084,12.432920,12.178358,11.531475,11.363074,10.995480,10.893812,10.492529,11.232058
11.774728,11.813408,11.834160,11.908348,11.946022,11.394701,11.402718,11.712694,12.227493,12.379318,12.435215,12.442637,12.499840,12.422728,11.801438
12.787439,13.136174,12.960164,13.047867,12.936618,12.786403,12.795159,12.769232,12.850437,12.963663,12.972637,13.115941,13.126447,13.050084,12.945325
11.704107,11.838507,11.668096,11.631840,11.797987,11.984537,11.996252,11.965174,12.093306,11.820341,11.657666,11.847893,11.656425,11.532036,11.654838
11.015673,11.446193,11.323345,11.433483,11.272208,11.903114,11.845842,11.876773,11.931345,11.606552,11.339395,11.448206,11.080290,10.852448,11.457836
11.065739,11.194303,11.060923,11.116211,10.331923,9.990513,10.107505,10.546951,11.475950,11.828423,11.754162,10.884963,11.333672,10.846902,11.019080
10.922739,11.275001,11.653211,11.682393,12.547445,12.364961,12.286222,12.278491,11.993379,11.490045,11.347572,10.691661,10.810253,10.082479,10.914761
12.290823,12.459203,12.351908,12.359278,12.314894,12.381476,12.360141,12.426308,12.377904,12.280448,12.385656,12.129386,12.208732,11.956834,12.410619
12.209605,12.310697,12.293333,12.319375,12.293337,12.506358,12.426219,12.415382,12.441371,12.270036,12.192410,11.921465,11.965752,11.766613,12.274772
11.720152,11.782635,11.875896,11.733622,12.000771,12.159876,12.087507,12.160581,12.129193,11.944081,11.804892,11.222760,11.424303,11.203897,11.711588
11.414271,12.116196,12.033330,12.144905,11.751969,11.530824,11.508181,11.540595,11.401390,11.576720,11.588966,11.469888,11.645135,11.562560,11.621495
10.354958,12.297042,12.366326,12.394629,12.390947,11.991606,11.905040,11.643551,11.141972,10.689505,11.344479,10.273708,9.807305,9.065655,11.719109
13.318562,13.389301,13.302006,13.403606,13.272918,13.288216,13.314844,13.306615,13.368027,13.612823,13.636336,13.530424,13.573658,13.394039,13.266586
11.837021,11.726921,11.531026,11.460809,10.818185,11.577157,11.611146,11.641198,11.850483,11.778782,11.698758,11.918365,12.057383,11.817649,11.515267
11.083992,11.223121,11.517206,11.335880,11.914171,12.031118,12.099679,12.086294,12.027647,11.914732,11.756357,11.096528,11.128194,10.569479,11.378534
11.274154,11.619003,11.623970,11.671683,11.793306,11.389799,11.612659,11.722967,11.904612,11.707999,11.718254,11.562315,11.631331,11.512519,11.358664
10.897101,11.680573,11.721410,11.593501,10.965762,10.521483,10.545474,10.696844,10.888943,10.815427,10.730714,10.460553,10.788116,10.147940,10.857416
11.997836,12.232278,12.381718,12.387613,12.432223,12.347276,12.369409,12.424348,12.281250,12.269963,12.240650,12.362286,12.318879,12.616430,12.153520
12.225336,12.335227,12.201894,12.201894,11.964983,12.073477,12.176453,11.992042,11.853579,12.163667,12.275077,12.047745,12.374516,12.478263,12.399036
11.223418,11.183429,11.223762,11.287285,12.155460,12.091650,12.069547,12.048464,11.748455,11.650214,11.476581,11.316694,11.238946,11.271295,11.237916
11.669531,11.995868,11.901207,11.910444,12.092788,12.161639,12.080272,12.089534,12.141694,11.815353,11.847793,11.477462,11.411798,10.904629,11.756187
12.450440,12.530767,12.188703,12.311158,12.469425,12.618934,12.558055,12.539170,12.521151,12.389720,12.334771,11.994500,12.139023,11.998944,12.507368
11.610555,12.148272,12.124099,12.226286,12.459226,12.326164,12.274995,12.207751,12.286972,12.221600,12.256897,11.745979,11.799101,11.509236,11.904195
11.537270,11.570694,11.456211,11.598443,11.489674,11.317877,11.259267,11.223416,11.597712,11.520337,11.795330,11.924774,11.745457,12.050276,11.903459
11.500599,11.860683,11.665296,11.775293,11.690055,12.246697,12.143819,12.107376,12.047009,11.785502,11.741418,11.316988,11.334158,11.119203,11.704223
10.880013,11.361835,11.496131,11.427083,9.455268,9.332778,10.165184,10.423556,10.507516,11.025435,10.828945,10.742369,11.082219,10.367100,11.531941
10.829977,11.044936,11.422339,11.367906,11.859725,11.609501,11.648675,11.714769,11.500521,11.417825,11.245420,10.803653,10.905620,10.404958,10.981082
10.865044,11.147045,10.928730,11.185759,11.752156,11.479233,11.556286,11.562199,11.190008,10.895227,11.046551,11.221182,10.843159,10.658857,11.034768
12.050084,12.333662,12.279653,12.368013,12.279196,12.618799,12.552773,12.518585,12.578113,12.473751,12.408224,12.509207,12.320696,12.132332,12.309717
11.172311,11.247726,11.156257,11.218724,10.902877,11.346685,11.409824,11.552168,11.365177,11.439636,11.366684,11.517188,11.722035,11.373771,11.193801
13.387169,13.485682,13.192114,13.269152,13.009326,12.856385,12.861843,12.974422,12.841660,12.671656,12.988994,13.073534,12.829972,12.992201,13.423372
12.001572,12.347689,12.177273,12.253652,12.211371,12.478956,12.353619,12.356794,12.499625,12.264117,12.190533,12.220263,12.031835,11.918541,12.286373
10.905756,11.375938,11.445347,11.353739,11.057606,11.188496,11.183939,11.184902,11.047288,11.020124,11.009257,10.636565,11.024125,10.293419,10.925923
11.746448,12.345020,12.521532,12.547022,12.949279,12.848407,12.939502,12.916047,13.058447,13.232558,13.159690,13.072027,13.095017,12.875662,11.910085
12.391023,11.466202,11.535906,11.610849,11.135266,11.125021,11.181874,11.332306,11.637854,12.069119,12.419629,12.332321,12.224497,12.056445,11.956177
11.438470,11.483149,11.547205,11.663474,11.833439,11.802970,11.880420,11.889569,11.551800,11.513858,11.603722,11.393444,11.513781,11.097552,11.355395
12.682662,12.730024,12.730024,12.759349,12.914903,12.819550,12.839803,12.819349,12.820763,12.802007,12.723306,12.500245,12.565344,12.352291,12.716022
11.880157,12.082599,11.866194,12.044001,12.161081,12.345457,12.364190,12.308930,12.324052,12.133103,11.933249,12.395299,12.062959,12.079882,12.034410
11.455837,11.683933,11.538725,11.673498,11.962225,12.052084,12.026107,12.022149,12.097794,11.723137,11.600147,11.744427,11.381145,10.962875,11.614254
9.784651,12.964328,13.117383,13.050569,13.028823,12.617685,12.556741,12.562095,12.695424,12.413324,12.147228,11.252899,11.169429,9.910963,11.776325
11.020629,11.864116,11.902746,11.875621,12.036642,12.071862,12.082784,12.247584,12.056364,11.830348,12.041161,10.916720,11.189869,10.279332,11.601233
11.621027,10.880450,11.119008,11.064255,11.510325,11.565607,11.619902,11.756885,11.389213,11.327462,11.290112,10.723774,10.749323,10.456611,11.065752
12.180249,11.343275,11.485724,11.506516,11.606513,11.318040,11.465907,11.817008,11.864159,11.834061,11.860008,11.893898,11.523161,11.396294,11.740670
11.918660,12.201480,12.298784,12.271725,12.586473,12.603684,12.523532,12.584583,12.515609,12.279839,12.202598,12.098105,11.983512,11.749502,12.158766
12.611712,12.679779,12.580926,12.621934,12.599450,12.760022,12.748211,12.695868,12.822767,12.679779,12.597668,12.796663,12.726800,12.568948,12.702085
9.112988,9.527118,9.734388,9.841065,9.127331,8.592297,8.345053,8.060379,8.641124,8.812398,9.420877,9.830212,10.461004,10.680944,9.485819
4.519925,4.491164,4.519748,4.418302,4.438673,4.190665,4.122618,4.178346,4.654196,4.765835,4.835427,4.967910,4.873579,4.815048,4.534493
11.800914,11.204617,11.164035,11.088405,10.927092,11.260501,11.336699,11.520673,11.323833,11.520766,11.208224,11.567816,11.337899,11.368286,11.384110
11.657960,11.667014,11.667014,11.871816,12.378873,12.450806,12.527279,12.465745,11.667014,11.507951,11.573376,11.494562,11.443001,11.392673,11.493190
12.717500,12.706709,12.686978,12.591450,12.491779,12.844416,12.742647,12.770843,12.644387,12.494650,12.514253,12.407217,12.416996,12.217243,12.678791
12.180366,12.401611,12.123326,12.349585,12.564813,12.506169,12.525667,12.453259,12.408224,12.272639,12.288092,12.294545,12.164921,12.125874,12.181567
11.329133,11.906344,11.987302,12.155441,11.974595,11.746573,11.762285,11.932934,11.893240,11.859355,12.014785,12.445789,12.543698,12.427271,12.128940
11.546385,11.119136,11.024067,10.829993,9.131274,9.550436,9.844139,10.216979,10.142399,10.147032,10.190206,10.241891,10.483464,10.378841,11.381311
11.310790,11.529870,11.539648,11.636505,12.024531,12.167948,12.063905,12.066230,12.081181,11.795059,11.636505,11.015628,11.232961,10.968675,11.536158
11.162251,11.413580,11.427542,11.475341,11.507219,12.085282,11.919713,11.815915,11.961519,11.556703,11.402514,11.393840,11.214078,11.081520,11.535000
11.118383,11.631635,11.592190,11.572244,11.679099,12.079510,11.920644,11.989107,12.107512,11.664727,11.657168,11.579238,11.363595,10.878601,11.388244
11.228400,12.069192,12.192108,12.261408,11.448914,11.448914,11.477784,11.806678,11.691600,11.735939,10.915382,11.402778,11.502739,11.355158,11.141615
11.519330,10.856064,10.534031,10.648994,10.249803,10.525702,10.738949,10.593930,10.613665,11.356202,11.329028,10.972141,11.444105,11.832384,11.297310
11.182333,11.314478,11.878588,11.787156,11.436336,11.265228,11.352725,11.230850,11.124968,11.409247,11.410428,10.752246,11.467507,10.918433,11.528847
12.189844,12.253307,11.983396,12.033475,11.917110,12.120872,12.092117,12.159657,12.121506,11.927180,11.992018,11.933470,11.843237,11.437410,12.232798
12.289003,11.502404,11.426129,11.350133,11.330037,11.141704,11.334152,11.620833,11.896813,11.899259,11.529958,11.607865,11.703462,11.243828,11.899109
11.525535,11.592017,11.622473,11.815316,11.015931,10.763615,11.017064,11.337302,11.130240,10.748524,10.683627,11.026371,10.803526,10.189216,11.371746
11.577337,11.823715,12.021727,11.868254,10.848008,10.294350,10.504133,10.735515,11.238561,11.771565,11.856363,11.080432,11.532166,11.988602,12.115487
12.419266,12.578522,12.396294,12.443264,12.581632,12.589147,12.569238,12.539808,12.633384,12.459998,12.399630,12.374164,12.324218,12.213877,12.473345
11.596698,11.627784,11.711902,11.834035,11.556874,11.344881,11.362267,11.641199,11.411035,11.130125,10.633499,10.781249,10.911712,10.874110,11.414401
12.226836,11.967119,11.918529,11.967119,11.537816,11.734193,11.784729,11.829822,12.053842,12.146817,12.239319,12.033741,12.266000,12.120982,11.826981
10.885276,11.321339,11.382643,11.481898,9.872924,10.834944,11.119203,11.657399,11.077543,11.052268,10.689558,9.701410,10.283247,9.789497,10.471170
11.238112,11.617399,11.622381,11.610471,11.856435,12.077435,12.119219,12.106075,12.116388,11.824427,11.688003,11.451869,11.359857,10.771502,11.592203
11.887132,11.725142,11.395668,11.488052,9.723872,9.896008,10.176606,10.335092,10.560828,10.986442,11.079191,11.171318,11.453819,11.756207,12.009249
11.819817,12.589531,12.692695,12.687344,12.457464,12.950567,12.892023,12.888861,12.602825,12.549634,12.620638,12.305545,12.413347,12.032134,12.262455
12.840039,12.880291,12.744615,12.862042,12.950102,12.774637,12.794632,12.804422,12.851258,12.955160,12.873005,12.924510,12.939605,12.893025,12.851859
12.501751,12.690733,12.824820,12.635939,12.514027,12.477405,12.288483,12.192633,11.985570,12.377557,12.588109,12.703784,12.757559,12.423050,12.570591
11.701665,11.020573,10.791327,10.780924,8.267715,8.113208,8.269335,8.677529,9.393107,9.259299,9.509587,9.889473,10.133206,10.074831,11.519314
12.742182,12.598801,12.682689,12.676395,12.862492,12.802021,12.862492,13.005093,13.253547,13.373285,13.329746,13.130135,13.115220,13.052103,12.652358
11.270320,11.778408,11.815649,11.818045,11.619809,11.771493,11.841458,11.945837,11.680394,11.495090,11.654270,11.477334,11.349878,11.043133,11.630525
11.354651,11.687202,11.908872,11.862251,12.341237,12.373836,12.336412,12.344357,12.346599,12.172106,12.151596,11.671712,11.619975,11.371130,11.715754
12.711145,12.514292,12.426932,12.568358,12.345417,11.818573,11.601068,11.809599,12.053931,12.269117,12.237335,12.279362,12.164231,12.180761,12.472339
11.194890,10.744526,10.471975,10.703001,9.382084,8.918370,9.362869,9.693072,10.277412,10.660684,10.807796,10.839327,11.058537,11.548436,10.890348
10.805403,11.172290,11.070665,11.026267,11.769513,12.068659,12.179520,12.168647,12.116274,11.747461,11.569310,10.968157,10.624427,10.669024,11.267406
12.150407,10.576239,9.895934,9.556127,8.540389,8.434624,8.115516,8.207042,7.421844,6.927306,7.124789,7.746384,7.874079,8.467603,10.777468
11.564158,11.297912,11.064208,10.735139,10.491816,11.263308,11.045064,11.313666,11.653704,11.564298,11.598861,11.237230,11.424359,11.232882,10.434699
11.658604,12.495021,12.773214,12.875153,12.922321,12.818750,12.796933,12.699346,12.685887,12.593807,12.544102,12.294822,12.413352,12.125874,12.303286
12.548483,12.704952,12.779469,12.663579,12.619970,13.076926,13.178660,13.106213,12.752577,12.619970,12.599588,12.260943,12.160056,11.809382,12.371955
11.631703,11.757036,11.564795,11.674974,11.771301,12.101810,12.017607,12.012241,12.169540,11.771488,11.747933,11.200475,11.337758,11.170193,11.753468
11.224816,10.667386,9.913504,9.804440,6.844380,6.390881,6.090153,6.490797,7.681104,9.724439,9.175269,9.756074,10.368480,11.182510,10.692368
11.633735,11.852882,11.807337,11.877241,12.220364,12.282502,12.292644,12.152942,12.295956,11.994615,11.894015,11.291519,11.277296,10.595546,11.605863
11.931285,11.771698,11.359051,11.506364,9.965100,10.577022,10.695395,11.065271,11.363980,11.600796,11.899185,11.917972,12.128492,12.212928,11.732722
11.617642,10.843433,10.671398,10.722140,9.960302,9.987932,10.438638,10.730472,11.093491,11.449824,11.575852,11.859303,11.773790,11.750147,11.503214
10.721225,11.291596,11.712074,11.755646,11.960922,12.101451,12.168999,12.275920,12.024208,11.728063,11.633614,12.023627,11.330874,11.055815,11.423924
11.438105,10.928810,10.676277,10.563869,8.646878,9.201233,9.536933,9.794399,9.882523,10.315461,10.321746,10.273232,10.684037,10.841267,11.299637
12.619257,13.021126,12.840173,12.982601,13.200715,13.184979,13.105116,13.083781,13.139738,13.197172,13.211691,13.310384,13.263634,13.150659,12.795725
11.155468,11.806175,12.179692,12.109284,12.552082,12.564367,12.485821,12.523032,12.457893,12.295045,12.284044,11.362274,11.339924,11.145903,11.827068
11.133408,11.985004,12.271313,12.372767,12.653794,12.443506,12.517087,12.670250,12.574247,12.113344,11.794682,11.052002,11.470240,11.051511,11.710902
11.942985,12.145482,11.988113,11.924362,12.174745,12.227420,12.169189,12.204496,12.152066,12.001097,11.984373,11.836363,11.917744,11.415136,11.926585
12.518039,12.728521,12.823182,12.815823,12.764590,12.834800,12.796609,12.808722,12.805199,12.743132,12.677126,12.428673,12.445586,12.384867,12.649890
12.248274,12.224096,12.277401,12.335920,12.370244,12.329430,12.472934,12.626544,12.790748,13.070123,13.007504,13.132288,13.164417,12.968214,12.195389
13.082776,13.285726,13.251572,13.243397,13.200714,13.195302,13.175611,13.173749,13.084054,13.253389,13.288938,13.493832,13.422160,13.050221,13.245957
11.730934,11.737982,11.921913,12.029117,12.298541,12.437425,12.490529,12.465411,12.350139,12.220984,12.047488,11.466374,11.670664,11.651990,11.975590
12.716791,12.879902,12.544102,12.642036,12.455278,12.752776,12.728789,12.720189,12.699122,12.670590,12.587795,12.890703,12.652679,12.593562,12.814841
11.313325,10.619856,10.077652,10.202033,7.205485,6.372826,5.939485,6.176830,5.288788,6.227756,6.104329,7.548327,6.997867,7.081834,10.671204
10.123370,12.044715,12.332225,12.270156,12.535632,12.524765,12.452710,12.380085,12.248861,12.085849,11.853338,11.211872,11.527731,10.930482,11.382208
11.665195,11.746051,11.837680,11.837680,12.150984,12.192468,12.200164,12.231385,12.190537,11.932416,11.879138,11.715691,11.616757,10.960439,11.750623
12.308110,12.736822,12.657585,12.781336,12.974204,12.798141,12.814346,12.704236,12.686449,12.524314,12.542643,12.327579,12.193799,12.201941,12.503474
12.129148,10.636052,10.890381,10.693032,10.223066,10.580938,10.675199,10.737972,10.967110,11.467899,11.309640,11.569675,11.666944,11.265480,11.506666
11.277227,11.713532,11.768255,11.742848,12.066271,11.854844,11.687135,11.428965,11.720645,11.568885,11.574479,11.371148,11.976010,12.022700,11.847796
12.102927,12.133898,12.069177,11.980628,11.774362,12.214834,12.087906,12.062532,12.185296,12.070100,12.008253,12.268529,12.061890,12.114682,12.093568
11.460991,11.861085,11.811215,11.872495,12.258598,12.117037,12.206814,12.141438,11.899538,11.905799,11.961542,11.311185,11.571089,11.288122,11.620946
10.887966,11.035985,10.852177,11.117699,9.474300,9.830288,9.964144,9.996846,9.979997,10.388904,10.591528,10.337331,10.728913,10.700650,11.010276
11.016995,11.380730,11.444062,11.500804,11.109039,11.166517,11.301682,11.360894,11.375100,11.724200,11.929011,12.093423,12.100107,12.282431,11.571124
12.471659,12.273697,12.111350,12.275451,11.308422,11.224430,11.457280,11.874038,12.139534,12.250303,12.149103,12.450520,12.471739,12.503084,12.329732
12.141599,10.667386,10.065360,10.002891,8.412576,7.965532,7.737995,8.183513,9.849767,10.546266,11.173803,11.327634,11.378728,11.506239,11.977282
11.283362,11.930269,11.740657,11.782578,11.751969,12.190537,12.122490,12.172245,12.146955,11.846602,11.642679,11.669363,11.269497,11.108279,11.789594
11.235327,11.475003,11.218857,11.241661,11.292286,11.519296,11.441932,11.511354,11.631224,11.083954,11.137227,11.379331,11.207770,11.091091,11.142977
12.341711,12.465710,12.417205,12.434036,12.642707,12.620099,12.625922,12.501868,12.699860,12.501011,12.420637,12.173478,12.330925,11.581626,12.350894
10.885976,11.483950,11.641111,11.822729,12.287911,11.928018,11.805993,11.693867,11.314692,11.620934,11.892045,11.207526,11.615397,11.482899,11.265840
11.643283,11.925395,12.087242,12.209211,12.150388,12.230534,12.222126,12.317235,12.119759,12.038047,12.080113,11.654432,11.683594,11.129555,11.941887
12.345991,11.694184,11.748939,11.729189,10.897560,10.924553,11.122081,11.434674,12.117514,12.399675,12.616094,12.179966,12.582086,12.687162,12.088519
11.561682,11.949612,12.199984,12.200962,12.232760,11.847643,11.889107,11.925371,11.973939,12.075386,12.112044,11.898287,11.939209,11.815019,12.394624
10.760879,11.159547,11.056632,11.090383,11.092183,11.563568,11.414426,11.339561,11.271892,10.941609,10.877624,10.528522,10.370286,9.828410,10.687852
11.990473,12.122618,11.955235,11.935324,12.075651,12.257482,12.164293,12.259877,12.286540,12.108186,12.159882,12.507492,12.363855,12.195853,12.004279
11.024143,11.308881,11.592107,11.668813,11.852400,11.746340,11.855778,11.757501,11.497382,11.652414,11.744048,12.019293,12.061003,11.541795,11.646593
11.413617,11.700467,11.546458,11.603149,11.843723,11.759088,11.654292,11.823821,11.642495,11.425286,11.437590,11.693417,10.865911,10.983549,11.255829
11.813593,11.951504,11.927581,11.989149,12.541031,12.042994,11.934496,11.843781,11.873532,11.774768,12.021327,11.945170,11.893077,11.916527,12.075497
11.667879,12.083211,12.007115,12.106381,12.117984,12.455459,12.376717,12.359867,12.379751,12.248764,12.174398,12.042480,11.709413,11.456498,12.051816
11.913816,12.334995,12.300374,12.333293,12.476704,12.663248,12.592603,12.544098,12.476680,12.341555,12.260808,12.035203,11.938453,11.592733,12.220799
12.644358,12.440915,12.349844,12.501256,12.374213,12.437523,12.585600,12.672624,12.938858,13.142049,13.086135,13.105144,13.143637,13.038753,12.688288
11.990155,12.063540,11.858068,11.952116,12.048697,12.344245,12.231914,12.164000,12.280195,12.034903,11.965996,11.754478,11.717163,11.626033,11.916444
11.844428,11.990087,11.883703,11.914480,12.340077,12.479079,12.193585,12.214882,12.157352,12.011711,12.016509,11.417609,11.554918,11.244060,11.843394
10.838945,11.181968,11.288468,11.350935,11.734720,11.855932,11.942988,11.899900,11.359777,11.369243,11.214094,11.234689,10.860962,10.763117,11.111335
11.391569,11.166117,10.312833,10.450516,7.187657,6.080105,6.395650,6.476283,6.631133,8.169411,8.567051,9.155477,10.120639,11.300114,11.133335
11.675353,11.600997,11.576242,11.579897,11.256467,11.953967,12.120044,12.217334,12.367852,12.414993,12.453949,12.411344,12.483432,12.591215,11.476524
11.963632,11.334231,10.389561,10.301984,6.928989,7.128014,6.772660,7.224674,6.005199,6.193170,6.216081,6.319528,5.602597,6.163213,11.650208
10.805278,11.505565,11.670166,11.778208,11.529975,11.424028,11.427003,11.263504,10.927092,11.176764,11.183665,10.495596,10.409983,10.704222,11.484370
12.398952,12.555475,12.476110,12.570986,12.705610,12.763069,12.759390,12.671789,12.573545,12.624900,12.550934,12.303451,12.301804,11.750186,12.412409
11.189258,11.452129,11.524405,11.540711,11.927007,11.938396,12.089976,12.231148,12.103216,11.444731,11.141059,11.327663,11.111548,10.381194,11.526711
10.622539,11.381815,11.663373,11.533320,11.054016,10.952317,11.016045,11.074162,10.728152,11.059132,11.425182,10.921790,11.345000,10.710209,11.046154
11.722470,11.824400,11.900568,11.885060,12.219540,12.335291,12.294741,12.270640,12.315553,12.137354,11.990174,11.408823,11.540465,11.007529,11.855752
11.891395,12.076372,11.796322,11.972544,11.835955,12.183604,12.179823,12.162668,12.190652,12.066147,11.905420,11.809103,11.889507,11.559350,11.959097
12.064911,11.724843,11.322986,11.616883,10.889255,10.784262,11.191174,11.304140,11.644126,12.003991,11.829325,11.998319,11.885121,11.966882,11.838044
11.204228,11.463511,11.297677,11.385673,11.455610,11.961746,11.836778,11.821256,11.808639,11.555440,11.482209,11.106783,11.032147,10.462648,11.356766
11.270440,11.557401,11.753180,11.935460,11.859291,11.614836,11.692392,11.851686,11.936609,11.752852,11.772368,11.728880,11.770573,11.659147,11.582496
11.223388,12.052399,12.097438,12.011089,12.487726,12.222310,12.248335,12.123457,11.715125,11.063574,11.229096,10.936362,10.601171,10.169945,11.557259
11.150834,11.161401,11.156056,11.213500,11.018333,10.964439,10.979568,11.124383,11.441935,11.617735,11.592110,11.283574,11.634825,11.537797,10.981160
11.043866,11.487184,11.384029,11.445766,11.603965,11.846427,11.830793,11.849743,11.878965,11.675004,11.409641,11.366694,10.717963,10.030906,11.129163
10.937830,10.996121,11.158579,11.136586,10.887778,10.747289,11.136835,11.381965,11.210077,10.662171,10.608795,9.546804,10.150565,9.984922,10.648368
12.293723,12.782407,12.620588,12.459377,10.295833,10.419480,10.338661,10.614237,10.608424,11.161678,11.613186,11.845913,12.170378,12.377007,12.394093
12.057124,11.966838,11.693286,11.585198,9.331615,10.144733,10.356090,10.563300,10.473781,10.547294,10.552805,10.923819,11.298693,10.917873,11.985640
11.025189,11.075411,11.369838,11.361136,10.074731,9.367987,9.488442,9.390240,10.518225,11.403007,11.682772,11.495946,11.920694,11.969515,11.034722
12.966567,12.844135,12.729291,12.594808,10.236763,9.520109,9.175192,9.260731,8.356649,8.092580,7.673671,6.771163,6.986937,6.351342,12.867742
11.352476,11.881839,11.947605,11.951074,11.834601,11.576936,11.494454,11.376426,11.518458,11.827697,12.066257,11.733668,11.955071,11.660571,11.795083
11.844924,11.609200,11.356353,11.331479,8.959574,7.857816,7.451621,7.842699,8.483402,10.727449,11.146749,11.169796,11.548488,11.775938,11.526939
11.120970,11.344757,11.245136,10.887247,11.148479,11.261467,11.308560,11.358692,11.213837,11.749284,11.710138,11.437569,11.714438,11.648142,11.484944
13.035776,12.946537,12.916503,13.045532,12.171448,12.447748,12.638766,12.691349,12.123366,12.266673,12.078852,11.806205,12.656907,12.691349,12.941962
12.381008,12.306426,12.239930,12.423554,11.578666,10.602715,10.061529,10.057341,11.052978,11.688283,11.921639,12.058682,12.384608,12.139867,12.389422
11.041769,11.601291,11.733321,11.728335,11.584651,11.505535,11.614166,11.318856,11.118989,11.327988,11.244577,10.163224,10.272602,10.039053,11.384040
10.976875,11.392209,11.238543,11.335665,10.856156,11.054200,10.997359,10.888617,11.363786,11.186112,11.172391,10.544127,10.672706,10.650025,11.179166
11.677010,12.190537,12.257271,12.221510,12.541831,12.683843,12.633600,12.558129,12.522152,12.454746,12.351806,11.969531,12.030258,11.473906,12.203646
11.659299,11.797818,11.918535,11.863724,11.112787,10.595489,10.727931,10.756533,10.829507,10.979619,10.952361,10.880110,10.876890,10.140323,11.574036
10.348994,12.176897,12.426994,12.480839,12.621613,12.094442,11.916385,11.440591,10.937964,10.022386,10.887232,9.600993,9.400277,8.947391,11.762364
11.934067,11.744509,11.699805,11.731375,11.169679,11.585760,11.672689,11.727762,11.648398,11.807472,11.741680,11.260772,11.610995,11.276914,11.693083
12.528649,12.681707,12.523662,12.674798,12.677529,12.705870,12.746097,12.685849,12.675355,12.605640,12.639927,12.431327,12.444468,12.203440,12.602872
11.144622,11.220139,11.380932,11.270661,10.063612,9.770550,9.623394,9.705398,10.474293,11.446461,11.575205,10.879804,11.497771,11.064078,10.906084
12.024505,12.349351,12.330003,12.544437,12.813952,12.561979,12.672433,12.598462,12.600857,12.399673,12.388132,11.790331,12.227567,11.947975,12.430415
11.205556,11.713341,11.858533,11.635358,11.329075,11.369509,11.450036,11.589887,11.620942,11.168414,10.923155,10.734431,10.759469,10.444007,11.223205
10.696725,11.371938,11.239597,11.187925,11.317567,11.468630,11.411167,11.334260,10.907165,10.744427,10.721140,10.824620,10.538245,10.328254,10.699460
10.460171,10.858028,11.078484,11.052640,11.465191,11.620780,11.388922,11.439399,11.622339,11.248241,11.183139,10.348967,10.544585,10.109817,10.862426
11.964448,12.161736,11.988065,12.093782,12.317459,12.338341,12.276053,12.282622,12.341516,12.130761,12.054909,11.984373,11.852424,11.589613,12.088779
11.094210,11.526704,11.706354,11.732323,11.818486,11.181408,10.807186,10.986231,11.089958,10.626069,11.328362,11.920817,11.941519,11.494390,11.516428
12.353499,10.476563,10.254971,10.104892,8.336016,8.206888,8.094759,8.658450,9.760990,10.018411,10.189269,10.391955,10.888996,11.255459,11.701861
12.214044,10.071238,9.362195,9.304755,8.643846,8.430023,8.130270,8.112852,7.040681,7.248095,6.859841,6.312679,6.505995,6.046600,11.263013
13.055528,12.887664,12.814197,12.908197,12.686903,12.051320,11.974532,12.114130,12.358312,12.386109,12.172425,12.513455,12.328804,12.536945,12.842575
12.297020,12.047436,12.074126,12.027170,11.664181,11.729544,11.552083,11.404528,11.792820,11.825077,11.900983,11.570754,11.695698,11.524728,11.845632
11.085712,11.671826,11.557460,11.650728,11.438708,10.280622,9.994198,10.289286,10.224479,9.783693,10.530810,10.764199,10.824610,10.893951,11.394503
11.699993,11.955078,12.098463,11.973217,12.339787,12.377646,12.330794,12.376497,12.328531,12.293697,12.103605,11.448388,11.697865,10.974360,12.095537
11.646464,12.219261,12.540808,12.443284,12.798630,12.785535,12.697587,12.760872,12.503103,12.484226,12.383377,12.219102,12.133660,11.457812,12.084559
11.247997,10.919614,10.800779,10.355822,7.819900,7.224603,7.415106,7.574906,6.566814,7.481568,7.712439,9.456811,9.986114,9.986114,11.655938
11.514519,11.931466,11.914880,11.868705,10.317812,10.230094,10.904690,11.309619,11.469459,11.342237,11.473617,11.255381,11.487150,10.129092,11.653870
11.773637,11.948269,12.189822,12.131414,12.446696,12.280357,12.221218,12.147292,11.616759,11.000561,10.608988,10.844562,10.789066,10.841363,11.516532
11.859259,12.074520,11.904963,11.909388,11.403951,11.900561,11.960957,12.106415,11.898930,12.000102,11.864917,11.909518,12.045773,12.231074,12.245929
11.696757,12.296261,12.268278,12.471998,12.718416,12.869109,12.774148,12.700331,12.744144,12.590710,12.519770,11.786196,11.947420,11.292034,12.188767
11.105864,11.166104,10.785758,10.952780,11.405951,11.564371,11.382342,11.209176,11.448914,10.947089,10.941054,11.021838,10.572172,10.052271,10.944103
12.115711,12.403898,12.344077,12.352409,12.318231,12.657430,12.586393,12.522186,12.557780,12.462674,12.365175,12.263135,12.228729,11.865155,12.400337
11.192884,11.569554,11.428891,11.444006,11.259800,11.813242,11.938292,11.850851,11.432807,11.481944,11.507999,10.884745,11.131931,10.627260,11.357077
10.242910,12.072856,12.242836,12.173097,12.603684,12.861016,12.963192,13.028932,13.087019,13.232773,13.176766,13.203478,13.223433,13.151629,11.026137
12.343642,12.378745,12.284305,12.456852,11.693724,11.039255,10.918231,10.958137,10.980181,11.212674,11.676151,12.646555,12.723401,12.934674,12.215452
11.848603,12.523564,12.630623,12.610009,12.663784,12.565311,12.594690,12.650722,12.628875,12.471280,12.414173,11.930852,12.156186,11.978948,12.357621
11.241324,11.671075,11.594786,11.681775,11.657181,12.193655,12.076147,12.008580,12.046772,11.803733,11.700115,11.166114,11.391694,10.909456,11.662949
11.289995,10.961971,11.109540,10.996734,8.825949,8.142393,8.325824,8.608854,9.541525,10.355789,10.777592,10.515625,10.643075,10.621349,10.697715
11.373847,11.526208,11.715172,11.761170,12.012111,12.287305,12.184391,12.200780,11.944247,11.745663,11.697567,11.746125,11.596157,10.872141,11.520864
11.197156,11.689034,11.834094,11.778470,11.556733,12.022006,11.840872,12.133676,11.909590,11.665003,11.758145,11.565310,11.535396,10.493087,11.427808
11.266565,10.817117,11.006687,11.028270,10.776252,11.061663,11.050553,11.144556,11.081611,11.769153,12.167360,12.108946,12.189738,11.891206,10.976317
11.186059,11.414880,11.515027,11.508404,11.495656,11.329814,11.401159,11.401719,11.148561,11.293985,11.264277,11.233825,11.288027,11.111030,11.043410
12.019442,10.712641,10.661041,10.480822,7.790623,8.262577,8.463813,8.873213,9.660395,10.756863,10.950707,11.398333,11.822102,11.597668,11.480232
11.428849,11.865171,11.526363,11.719551,11.639664,12.183839,12.197257,12.044218,12.136127,11.806108,11.643054,11.560965,11.488169,10.813346,11.676581
12.351811,12.663577,12.694208,12.871785,12.219553,11.918178,11.933718,11.863209,11.638470,11.617666,11.459270,10.816413,11.369156,11.090383,12.473585
10.770347,12.066715,11.877562,11.895152,12.154060,11.926585,11.934065,11.762123,11.199290,10.787481,11.246850,11.434583,10.567514,10.937405,11.470244
11.637683,12.023212,11.745075,11.800279,11.742260,12.111434,12.023608,11.989329,11.986419,11.866215,11.787776,11.504698,11.597944,11.371555,11.784778
10.819886,11.077590,11.061482,11.108381,9.603047,9.160348,9.049820,9.395814,9.378391,10.248397,10.103089,10.565119,10.768773,10.951981,10.541565
11.179940,11.551797,11.582716,11.656824,11.657929,11.462543,11.528223,11.532758,11.320764,11.197954,11.104285,10.859446,10.733674,10.610600,10.852067
12.526389,12.555128,12.516523,12.511637,12.574889,12.758153,12.781104,12.751369,12.726136,12.568563,12.483933,12.387291,12.337593,12.057840,12.558638
13.056843,13.102159,13.056650,13.041333,11.494981,10.784983,10.353550,10.607779,9.920862,10.549429,10.771341,11.398435,11.772649,12.122636,12.966713
12.409435,11.992169,12.036790,12.073417,11.503731,11.765902,11.890712,12.115610,12.309146,12.507590,12.576891,12.272978,12.470483,12.515960,12.153002
12.613541,12.395668,12.452162,12.514704,11.156493,10.329508,11.313404,11.852868,12.506530,12.609915,12.452162,12.657199,12.829504,12.673228,12.341719
12.590410,12.807014,12.789043,12.791086,12.385890,12.260646,12.252306,12.197409,12.244312,12.670142,12.684853,12.821145,12.939841,12.686331,12.630285
10.942826,11.093233,11.076472,10.912068,8.735551,6.902554,6.627774,6.823013,7.871632,9.594280,9.724740,10.266709,10.522897,10.572186,10.755426
11.766728,11.937006,11.834658,11.807337,11.695710,11.846134,11.957468,11.989533,11.703725,11.723940,11.779220,11.633620,11.586484,11.079357,11.595306
12.424522,12.545422,12.402882,12.559173,10.073227,9.574455,9.193635,9.456967,10.171264,10.796299,10.969409,10.492222,10.978316,10.428746,12.516910
11.252693,10.742285,10.484695,10.435941,8.413730,8.092233,7.382445,6.975366,7.137452,9.726601,10.516048,9.884388,10.539741,10.363640,9.937532
11.643515,11.444109,11.003859,11.123555,9.411080,9.519847,9.903797,10.091341,10.173237,10.811934,10.910517,11.665352,11.472324,12.188660,11.754089
11.481240,11.927089,12.004900,12.061251,12.380624,12.525686,12.582158,12.586756,12.535597,12.416205,12.289537,11.692218,11.826765,11.290807,11.979383
10.575207,11.776824,11.613340,11.800145,12.310324,12.103136,11.898144,11.798478,11.410927,11.654483,11.540054,11.084349,11.165944,11.253374,11.249802
12.196030,12.412012,12.493980,12.534596,12.699928,12.572943,12.607588,12.645725,12.650315,12.563569,12.464700,12.241330,12.188416,11.925404,12.324396
12.098580,12.281449,12.283297,12.358981,12.466560,12.650714,12.686879,12.603684,12.530240,12.499386,12.373709,12.207957,12.141826,11.596638,12.260682
11.832906,11.805280,11.780052,11.682996,10.759558,9.351258,9.360638,9.661329,10.707432,11.556635,11.832971,11.814312,12.136090,11.943260,11.583516
11.719722,11.154611,11.009046,11.068059,10.489269,10.871750,11.064518,11.315724,11.597304,11.844227,11.756065,11.393450,11.756043,11.518718,11.373922
10.400868,11.657413,11.749349,11.839071,12.149173,11.670905,11.630673,11.485393,10.948831,10.655071,11.140802,10.232298,10.296358,9.879668,11.040713
12.071921,11.820362,11.941802,12.061814,12.014363,11.597643,11.302674,11.375171,11.539052,11.677819,11.636613,10.944928,11.386190,11.094236,11.608953
11.909911,11.863571,11.990944,12.014271,12.212405,12.379529,12.306122,12.344754,12.353608,12.113307,12.025419,11.542374,11.670967,11.392479,11.894739
11.529271,11.082319,11.082755,11.039100,9.415852,9.149558,9.510324,9.698775,10.582931,10.962224,10.990756,10.917037,11.128194,11.240109,11.389855
11.992044,11.468027,11.346171,11.274887,9.422670,10.144255,10.426523,10.537212,10.839903,11.122863,11.006273,11.514084,11.693524,11.545088,11.823262
11.099710,11.031841,10.660110,10.751360,9.453219,9.595777,9.630060,9.802385,9.851474,9.719113,10.000498,10.327158,10.289868,10.817023,11.022903
11.563221,12.376045,12.201530,12.124629,12.434372,12.194793,12.241888,12.287972,11.929003,11.379663,11.975493,10.972903,10.838736,10.487109,12.321893
10.902465,11.051626,11.059398,10.972981,11.130233,10.570772,10.480827,10.592561,10.397201,10.888149,10.970513,10.829877,11.306372,11.414099,11.050783
12.064545,11.434201,11.025362,10.796646,9.370240,10.381686,10.890946,11.262040,11.070516,10.593680,10.534694,10.224957,10.638934,10.113323,11.903861
12.353678,12.395555,12.560562,12.396647,12.648884,12.767580,12.693276,12.642269,12.667815,12.498530,12.469713,12.327408,12.261876,11.815987,12.400670
11.791506,11.953501,12.103298,12.260492,12.139551,11.936800,11.990610,11.942783,11.966903,12.159920,12.269691,12.002427,12.126691,11.825334,11.839226
11.170888,11.382871,11.092834,11.228909,11.429614,11.876962,11.815487,11.773384,11.918014,11.532595,11.445908,11.036063,11.037612,10.674041,11.297591
11.649747,11.643552,11.832119,11.747987,11.732485,12.265251,12.207025,12.150283,12.087402,11.760454,11.569556,10.746036,10.952051,10.477370,11.513534
